NbStates,Cooperation
1,0.00373
2,0.37574
3,0.48748
