NbStates,Cooperation
1,0.02355
2,0.4655
3,0.56093
