NbStates,Cooperation
1,0.02355
2,0.1524
3,0.29104
4,0.3318
5,0.35005
