NbStates,Cooperation
1,0.13441
2,0.28918
3,0.38524
4,0.39362
5,0.39552
