NbStates,Cooperation
1,0.00058
2,0.0635
3,0.15611
4,0.16963
5,0.17844
