NbStates,Cooperation
1,0.5
2,0.5
3,0.48492
4,0.49067
5,0.49424
