NbStates,Cooperation
1,0.5
2,0.5
3,0.48614
4,0.49189
5,0.49497
