NbStates,Cooperation
1,0.02355
2,0.13909
3,0.29669
4,0.34526
5,0.36128
