NbStates,Cooperation
1,0.02355
2,0.46224
3,0.53469
