NbStates,Cooperation
1,0.02355
2,0.15938
3,0.28263
4,0.30774
5,0.32109
