NbStates,Cooperation
1,0.86559
2,0.7466
3,0.64448
4,0.63657
5,0.62956
