NbStates,Cooperation
1,0.02355
2,0.15626
3,0.28688
4,0.32063
5,0.33807
