NbStates,Cooperation
1,0.02355
2,0.45553
3,0.52701
