NbStates,Cooperation
1,0.02355
2,0.16223
3,0.27834
4,0.29435
5,0.30031
