NbStates,Cooperation
1,0.97645
2,0.87051
3,0.7571
4,0.74994
5,0.73649
