NbStates,Cooperation
1,0.00058
2,0.311
3,0.43215
