NbStates,Cooperation
1,0.02355
2,0.40965
3,0.50432
