NbStates,Cooperation
1,0.02355
2,0.12949
3,0.22642
4,0.24943
5,0.26383
