NbStates,Cooperation
1,0.13441
2,0.2534
3,0.33204
4,0.35257
5,0.36386
