NbStates,Cooperation
1,0.5
2,0.5
3,0.4821
4,0.48835
5,0.49307
