NbStates,Cooperation
1,0.97645
2,0.94286
3,0.9298
