NbStates,Cooperation
1,0.13441
2,0.58636
3,0.65683
