NbStates,Cooperation
1,0.5
2,0.5
3,0.4836
4,0.48947
5,0.49359
