NbStates,Cooperation
1,0.02355
2,0.46444
3,0.54299
