NbStates,Cooperation
1,0.5
2,0.5
3,0.47822
4,0.48661
5,0.4925
