NbStates,Cooperation
1,0.5
2,0.5
3,0.51564
4,0.50895
5,0.50412
