NbStates,Cooperation
1,0.00373
2,0.09872
3,0.20395
4,0.22011
5,0.22795
