NbStates,Cooperation
1,0.13441
2,0.54625
3,0.61653
