NbStates,Cooperation
1,0.86559
2,0.87569
3,0.87856
