NbStates,Cooperation
1,0.5
2,0.5
3,0.47877
4,0.48679
5,0.49255
