NbStates,Cooperation
1,0.02355
2,0.13441
3,0.29738
4,0.34664
5,0.3623
